<?xml version="1.0" ?>
<LOG_ROOT>
	<PROJECT NAME="FINALLY">
		<CBX_INST_ENTRY INSTANCE_NAME="|FINALLY|lpm_mux0:1|lpm_mux:lpm_mux_component" CBX_FILE_NAME="mux_nnc.tdf"/>
		<CBX_INST_ENTRY INSTANCE_NAME="|FINALLY|lpm_mux1:inst6|lpm_mux:lpm_mux_component" CBX_FILE_NAME="mux_tnc.tdf"/>
		<CBX_INST_ENTRY INSTANCE_NAME="|FINALLY|sequence_detector:inst|lpm_mux0:1-1|lpm_mux:lpm_mux_component" CBX_FILE_NAME="mux_nnc.tdf"/>
		<CBX_INST_ENTRY INSTANCE_NAME="|FINALLY|sequence_detector:inst|lpm_mux0:2-0|lpm_mux:lpm_mux_component" CBX_FILE_NAME="mux_nnc.tdf"/>
		<CBX_INST_ENTRY INSTANCE_NAME="|FINALLY|lpm_mux0:2|lpm_mux:lpm_mux_component" CBX_FILE_NAME="mux_nnc.tdf"/>
		<CBX_INST_ENTRY INSTANCE_NAME="|FINALLY|sequence_detector:inst|lpm_mux0:2-1|lpm_mux:lpm_mux_component" CBX_FILE_NAME="mux_nnc.tdf"/>
		<CBX_INST_ENTRY INSTANCE_NAME="|FINALLY|sequence_detector:inst|lpm_mux0:3-0|lpm_mux:lpm_mux_component" CBX_FILE_NAME="mux_nnc.tdf"/>
		<CBX_INST_ENTRY INSTANCE_NAME="|FINALLY|lpm_mux0:3|lpm_mux:lpm_mux_component" CBX_FILE_NAME="mux_nnc.tdf"/>
		<CBX_INST_ENTRY INSTANCE_NAME="|FINALLY|sequence_detector:inst|lpm_mux0:3-1|lpm_mux:lpm_mux_component" CBX_FILE_NAME="mux_nnc.tdf"/>
		<CBX_INST_ENTRY INSTANCE_NAME="|FINALLY|sequence_detector:inst|lpm_mux0:4-0|lpm_mux:lpm_mux_component" CBX_FILE_NAME="mux_nnc.tdf"/>
		<CBX_INST_ENTRY INSTANCE_NAME="|FINALLY|lpm_mux0:4|lpm_mux:lpm_mux_component" CBX_FILE_NAME="mux_nnc.tdf"/>
		<CBX_INST_ENTRY INSTANCE_NAME="|FINALLY|sequence_detector:inst|lpm_mux0:1-0|lpm_mux:lpm_mux_component" CBX_FILE_NAME="mux_nnc.tdf"/>
		<CBX_INST_ENTRY INSTANCE_NAME="|FINALLY|sequence_detector:inst|lpm_mux0:4-1|lpm_mux:lpm_mux_component" CBX_FILE_NAME="mux_nnc.tdf"/>
	</PROJECT>
</LOG_ROOT>
