<?xml version="1.0" ?>
<LOG_ROOT>
	<PROJECT NAME="sequence_detector">
		<CBX_INST_ENTRY INSTANCE_NAME="|sequence_detector|lpm_mux0:1-0|lpm_mux:lpm_mux_component" CBX_FILE_NAME="mux_nnc.tdf"/>
		<CBX_INST_ENTRY INSTANCE_NAME="|sequence_detector|lpm_mux0:2-1|lpm_mux:lpm_mux_component" CBX_FILE_NAME="mux_nnc.tdf"/>
		<CBX_INST_ENTRY INSTANCE_NAME="|sequence_detector|lpm_mux0:3-0|lpm_mux:lpm_mux_component" CBX_FILE_NAME="mux_nnc.tdf"/>
		<CBX_INST_ENTRY INSTANCE_NAME="|sequence_detector|lpm_mux0:4-1|lpm_mux:lpm_mux_component" CBX_FILE_NAME="mux_nnc.tdf"/>
		<CBX_INST_ENTRY INSTANCE_NAME="|sequence_detector|lpm_mux0:1-1|lpm_mux:lpm_mux_component" CBX_FILE_NAME="mux_nnc.tdf"/>
		<CBX_INST_ENTRY INSTANCE_NAME="|sequence_detector|lpm_mux0:2-0|lpm_mux:lpm_mux_component" CBX_FILE_NAME="mux_nnc.tdf"/>
		<CBX_INST_ENTRY INSTANCE_NAME="|sequence_detector|lpm_mux0:3-1|lpm_mux:lpm_mux_component" CBX_FILE_NAME="mux_nnc.tdf"/>
		<CBX_INST_ENTRY INSTANCE_NAME="|sequence_detector|lpm_mux0:4-0|lpm_mux:lpm_mux_component" CBX_FILE_NAME="mux_nnc.tdf"/>
	</PROJECT>
</LOG_ROOT>
